<?xml version="1.0" encoding="utf-8"?>
<!--
- phpMyAdmin XML Dump
- version 4.8.4
- https://www.phpmyadmin.net
-
- Host: 127.0.0.1
- Generation Time: Nov 11, 2019 at 11:15 AM
- Server version: 10.1.37-MariaDB
- PHP Version: 7.3.1
-->

<pma_xml_export version="1.0" xmlns:pma="https://www.phpmyadmin.net/some_doc_url/">
    <!--
    - Structure schemas
    -->
    <pma:structure_schemas>
        <pma:database name="customerordersystem" collation="latin1_swedish_ci" charset="latin1">
            <pma:table name="users">
                CREATE TABLE `users` (
                  `id` int(10) NOT NULL AUTO_INCREMENT,
                  `username` varchar(100) NOT NULL,
                  `firstname` varchar(100) NOT NULL,
                  `lastname` varchar(100) NOT NULL,
                  `user_type` varchar(100) NOT NULL,
                  `password` varchar(100) NOT NULL,
                  PRIMARY KEY (`id`),
                  UNIQUE KEY `check_user` (`username`)
                ) ENGINE=InnoDB AUTO_INCREMENT=38 DEFAULT CHARSET=latin1;
            </pma:table>
        </pma:database>
    </pma:structure_schemas>

    <!--
    - Database: 'customerordersystem'
    -->
    <database name="customerordersystem">
        <!-- Table users -->
        <table name="users">
            <column name="id">34</column>
            <column name="username">Customer</column>
            <column name="firstname">Marcus</column>
            <column name="lastname">Rashy</column>
            <column name="user_type">user</column>
            <column name="password">5f4dcc3b5aa765d61d8327deb882cf99</column>
        </table>
        <table name="users">
            <column name="id">35</column>
            <column name="username">SalesStaff</column>
            <column name="firstname">Euan</column>
            <column name="lastname">Martin</column>
            <column name="user_type">salesstaff</column>
            <column name="password">5f4dcc3b5aa765d61d8327deb882cf99</column>
        </table>
        <table name="users">
            <column name="id">37</column>
            <column name="username">Test</column>
            <column name="firstname">test</column>
            <column name="lastname">ing</column>
            <column name="user_type">user</column>
            <column name="password">5f4dcc3b5aa765d61d8327deb882cf99</column>
        </table>
    </database>
</pma_xml_export>